35030611,Inga Flores Cesar Adolfo,XW06135,26/06/2021,LM05731,3/07/2021
83265244,Pairazaman Alamo Moises Miguel,BH96036,5/07/2021,FY25192,12/07/2021,BB35881,4/07/2021
49516360,Delgado Gonzales Guillermo Alfonso,KC34197,24/06/2021,VA35843,29/06/2021,JO84937,26/06/2021,ZR63735,25/06/2021
17750908,Hernandez Barrios Emilio,SK15788,27/06/2021,QA53897,8/07/2021,PT00038,27/06/2021,OT07742,2/07/2021,LM05731,28/06/2021,KC34197,30/06/2021,BB35881,28/06/2021
66152145,Salas Aguero Daniel,XQ03477,4/07/2021
65071478,Mejia Diaz Blanca Milagros,XN48844,2/07/2021,OC73472,26/06/2021,QA53897,1/07/2021,KC34197,25/06/2021,XW06135,10/07/2021
37500242,Vasquez Paz Alex Martin,PT00038,9/07/2021,BH96036,30/06/2021,LM05731,25/06/2021,KW25071,10/07/2021
96056368,Pasquel Quio Surami Janet,PT00038,28/06/2021
33958767,Aquino Toro Valentina Rocio,LM05731,1/07/2021
50860318,Prado Vergel Carlos Julian,PT00038,25/06/2021,BB35881,11/07/2021,ZK87496,6/07/2021
61212473,Castro Suarez Rolando,KC34197,4/07/2021,LM05731,8/07/2021,XN48844,25/06/2021,NF53199,28/06/2021
54393647,Norabuena Preciado Cinthia,QO90975,27/06/2021,QA53897,1/07/2021,ZR63735,25/06/2021
14268463,Raffo Chung Adria Gloria,JO84937,11/07/2021,KC34197,24/06/2021,NF53199,7/07/2021,FW74175,9/07/2021,XQ03477,5/07/2021
81082011,Arroyo Gordillo Maria Heli,QA53897,2/07/2021,ZR63735,5/07/2021,LM05731,1/07/2021,QO90975,25/06/2021,PT00038,2/07/2021,FY82455,7/07/2021,OT07742,24/06/2021
37751890,Shirakawa Miranda Madeleine,ZK87496,27/06/2021,VA35843,8/07/2021,PT00038,6/07/2021,ZR63735,26/06/2021,XQ03477,8/07/2021,SK15788,2/07/2021,QA53897,4/07/2021
72832218,Corrales Tsukazan Irma Lourdes,LM05731,2/07/2021,QO90975,26/06/2021
61039260,Mejia De La Haza Francisco Edgar,KW25071,28/06/2021
87804471,Cerna Durand Martin,JO84937,3/07/2021,PT00038,10/07/2021
26916299,Diaz Antezano Magali Silvana,OT07742,7/07/2021,FY25192,30/06/2021,PT00038,4/07/2021,BH96036,8/07/2021,KC34197,1/07/2021
15129661,Wong Martel Madeleine,KC34197,11/07/2021,JO84937,2/07/2021,OT07742,30/06/2021,ZR63735,26/06/2021,QE47018,25/06/2021,BH96036,2/07/2021
63602514,Auris Zimic Javier Daniel,ZK87496,8/07/2021
92240876,Vega Garcia Janet Rebeca,ZR63735,3/07/2021,PT00038,29/06/2021,VA35843,3/07/2021,QO90975,29/06/2021,KC34197,9/07/2021,JO84937,28/06/2021
45834351,Velasquez Huayanay Edgard Henry,ZM20053,9/07/2021,QA53897,25/06/2021,JO84937,7/07/2021
11750801,Shirakawa Ortega Angel,LM05731,4/07/2021,KC34197,7/07/2021,QA53897,8/07/2021,UW23132,28/06/2021,TA81777,24/06/2021,XN48844,26/06/2021
